{"cameraMode":{"drawMode":0,"name":"Shaded","section":"Shading Mode"},"sceneLighting":true,"audioPlay":false,"sceneViewState":{"showFog":true,"showMaterialUpdate":true,"showSkybox":true,"showFlares":true,"showImageEffects":true,"showParticleSystems":true},"in2DMode":false,"pivot":{"x":0.6110620498657227,"y":-3.2002429962158205,"z":1.8370871543884278},"rotation":{"x":0.37779009342193606,"y":-0.12990079820156098,"z":0.05362415686249733,"w":0.9151679277420044},"size":10.528160095214844,"orthographic":false}