{"cameraMode":{"drawMode":0,"name":"Shaded","section":"Shading Mode"},"sceneLighting":true,"audioPlay":false,"sceneViewState":{"showFog":true,"showMaterialUpdate":true,"showSkybox":true,"showFlares":true,"showImageEffects":true,"showParticleSystems":true},"in2DMode":false,"pivot":{"x":602.380126953125,"y":15.414031982421875,"z":0.0},"rotation":{"x":0.2245626449584961,"y":-0.007308384403586388,"z":0.0016844718484207988,"w":0.9744335412979126},"size":38.28740692138672,"orthographic":false}