{"cameraMode":{"drawMode":0,"name":"Shaded","section":"Shading Mode"},"sceneLighting":true,"audioPlay":false,"sceneViewState":{"showFog":true,"showMaterialUpdate":true,"showSkybox":true,"showFlares":true,"showImageEffects":true,"showParticleSystems":true},"in2DMode":false,"pivot":{"x":823.302001953125,"y":61.69921875,"z":-84.734375},"rotation":{"x":-0.13786013424396516,"y":-0.011293265037238598,"z":0.0015721262898296118,"w":-0.9903868436813355},"size":92.77000427246094,"orthographic":true}