{"cameraMode":{"drawMode":0,"name":"Shaded","section":"Shading Mode"},"sceneLighting":true,"audioPlay":false,"sceneViewState":{"showFog":true,"showMaterialUpdate":true,"showSkybox":true,"showFlares":true,"showImageEffects":true,"showParticleSystems":true},"in2DMode":false,"pivot":{"x":584.6943359375,"y":306.09967041015627,"z":0.0},"rotation":{"x":0.2245626449584961,"y":-0.007308384403586388,"z":0.0016844718484207988,"w":0.9744335412979126},"size":71.48316192626953,"orthographic":false}