{"cameraMode":{"drawMode":0,"name":"Shaded","section":"Shading Mode"},"sceneLighting":true,"audioPlay":false,"sceneViewState":{"showFog":true,"showMaterialUpdate":true,"showSkybox":true,"showFlares":true,"showImageEffects":true,"showParticleSystems":true},"in2DMode":false,"pivot":{"x":813.384521484375,"y":383.0143127441406,"z":30.047714233398439},"rotation":{"x":0.19223344326019288,"y":0.02502148598432541,"z":-0.004902344662696123,"w":0.9810268878936768},"size":161.2608184814453,"orthographic":false}