{"cameraMode":{"drawMode":0,"name":"Shaded","section":"Shading Mode"},"sceneLighting":true,"audioPlay":false,"sceneViewState":{"showFog":true,"showMaterialUpdate":true,"showSkybox":true,"showFlares":true,"showImageEffects":true,"showParticleSystems":true},"in2DMode":false,"pivot":{"x":-4.07672643661499,"y":19.509613037109376,"z":-9.859278678894043},"rotation":{"x":0.29720333218574526,"y":0.18046846985816956,"z":-0.05731445550918579,"w":0.9358577728271484},"size":4.244869232177734,"orthographic":false}