{"cameraMode":{"drawMode":0,"name":"Shaded","section":"Shading Mode"},"sceneLighting":true,"audioPlay":false,"sceneViewState":{"showFog":true,"showMaterialUpdate":true,"showSkybox":true,"showFlares":true,"showImageEffects":true,"showParticleSystems":true},"in2DMode":false,"pivot":{"x":896.0162353515625,"y":319.6087341308594,"z":0.0},"rotation":{"x":0.18043997883796693,"y":0.02655184641480446,"z":-0.004882437642663717,"w":0.9832262992858887},"size":757.8755493164063,"orthographic":false}