{"cameraMode":{"drawMode":0,"name":"Shaded","section":"Shading Mode"},"sceneLighting":true,"audioPlay":false,"sceneViewState":{"showFog":true,"showMaterialUpdate":true,"showSkybox":true,"showFlares":true,"showImageEffects":true,"showParticleSystems":true},"in2DMode":false,"pivot":{"x":752.239013671875,"y":299.105224609375,"z":0.0},"rotation":{"x":0.03748535364866257,"y":0.017986327409744264,"z":-0.0006745521677657962,"w":0.9991403818130493},"size":574.0072631835938,"orthographic":false}