{"cameraMode":{"drawMode":0,"name":"Shaded","section":"Shading Mode"},"sceneLighting":false,"audioPlay":false,"sceneViewState":{"showFog":true,"showMaterialUpdate":true,"showSkybox":true,"showFlares":true,"showImageEffects":true,"showParticleSystems":true},"in2DMode":false,"pivot":{"x":513.783203125,"y":258.9052734375,"z":-30.93157958984375},"rotation":{"x":0.16129225492477418,"y":0.0029592090286314489,"z":-0.0004932694719173014,"w":0.9869129061698914},"size":631.1173095703125,"orthographic":false}