{"cameraMode":{"drawMode":0,"name":"Shaded","section":"Shading Mode"},"sceneLighting":true,"audioPlay":false,"sceneViewState":{"showFog":true,"showMaterialUpdate":true,"showSkybox":true,"showFlares":true,"showImageEffects":true,"showParticleSystems":true},"in2DMode":false,"pivot":{"x":550.761962890625,"y":244.23919677734376,"z":-49.054931640625},"rotation":{"x":0.18043997883796693,"y":0.02655184641480446,"z":-0.004882437642663717,"w":0.9832262992858887},"size":568.3820190429688,"orthographic":false}