{"cameraMode":{"drawMode":0,"name":"Shaded","section":"Shading Mode"},"sceneLighting":true,"audioPlay":false,"sceneViewState":{"showFog":true,"showMaterialUpdate":true,"showSkybox":true,"showFlares":true,"showImageEffects":true,"showParticleSystems":true},"in2DMode":false,"pivot":{"x":0.3341711163520813,"y":0.5851480960845947,"z":0.12905430793762208},"rotation":{"x":0.20070627331733704,"y":0.17670859396457673,"z":-0.03683292120695114,"w":0.9628870487213135},"size":6.345235347747803,"orthographic":false}